<?xml version="1.0" encoding="UTF-8"?>
<!DOCTYPE plist PUBLIC "-//Apple//DTD PLIST 1.0//EN" "http://www.apple.com/DTDs/PropertyList-1.0.dtd">
<plist version="1.0">
<dict>
	<key>allowNodeStrokeColorVariation</key>
	<true/>
	<key>backgroundColor</key>
	<string>{1.000000, 1.000000, 1.000000, 1.000000}</string>
	<key>baseSubnode</key>
	<dict>
		<key>shapeStyle</key>
		<dict>
			<key>borderStrokeStyle</key>
			<dict>
				<key>color</key>
				<string>{0.763000, 0.261000, 0.113000, 1.000000}</string>
				<key>dash</key>
				<integer>0</integer>
				<key>width</key>
				<real>4</real>
			</dict>
			<key>fillColor</key>
			<string>{1.000000, 1.000000, 1.000000, 1.000000}</string>
			<key>shapeType</key>
			<integer>0</integer>
		</dict>
		<key>strokeStyle</key>
		<dict>
			<key>color</key>
			<string>{0.763000, 0.261000, 0.113000, 1.000000}</string>
			<key>dash</key>
			<integer>0</integer>
			<key>width</key>
			<real>6</real>
		</dict>
		<key>titleStyle</key>
		<dict>
			<key>alignment</key>
			<integer>0</integer>
			<key>bold</key>
			<false/>
			<key>color</key>
			<string>{0.278000, 0.267000, 0.239000, 1.000000}</string>
			<key>fontName</key>
			<string>HelveticaNeue-Light</string>
			<key>fontSize</key>
			<real>21</real>
			<key>italic</key>
			<false/>
			<key>strikethrough</key>
			<false/>
			<key>underline</key>
			<false/>
		</dict>
	</dict>
	<key>crossConnections</key>
	<array>
		<dict>
			<key>arrowStyle</key>
			<dict>
				<key>endArrow</key>
				<integer>0</integer>
				<key>startArrow</key>
				<integer>0</integer>
			</dict>
			<key>pathStyle</key>
			<dict>
				<key>strokeStyle</key>
				<dict>
					<key>color</key>
					<string>{0.933000, 0.659000, 0.043000, 1.000000}</string>
					<key>dash</key>
					<integer>0</integer>
					<key>width</key>
					<real>2</real>
				</dict>
			</dict>
			<key>titleStyle</key>
			<dict>
				<key>alignment</key>
				<integer>1</integer>
				<key>bold</key>
				<false/>
				<key>color</key>
				<string>{0.000000, 0.000000, 0.000000, 1.000000}</string>
				<key>fontName</key>
				<string>HelveticaNeue</string>
				<key>fontSize</key>
				<real>14</real>
				<key>italic</key>
				<false/>
				<key>strikethrough</key>
				<false/>
				<key>underline</key>
				<false/>
			</dict>
		</dict>
	</array>
	<key>mainNodes</key>
	<array>
		<dict>
			<key>shapeStyle</key>
			<dict>
				<key>borderStrokeStyle</key>
				<dict>
					<key>color</key>
					<string>{1.000000, 1.000000, 1.000000, 1.000000}</string>
					<key>dash</key>
					<integer>0</integer>
					<key>width</key>
					<real>1</real>
				</dict>
				<key>fillColor</key>
				<string>{0.322000, 0.246000, 0.231000, 1.000000}</string>
				<key>shapeType</key>
				<integer>3</integer>
			</dict>
			<key>strokeStyle</key>
			<dict>
				<key>color</key>
				<string>{1.000000, 1.000000, 1.000000, 1.000000}</string>
				<key>dash</key>
				<integer>0</integer>
				<key>width</key>
				<real>4</real>
			</dict>
			<key>titleStyle</key>
			<dict>
				<key>alignment</key>
				<integer>1</integer>
				<key>bold</key>
				<false/>
				<key>color</key>
				<string>{1.000000, 1.000000, 1.000000, 1.000000}</string>
				<key>fontName</key>
				<string>HelveticaNeue-Light</string>
				<key>fontSize</key>
				<real>21</real>
				<key>italic</key>
				<false/>
			</dict>
		</dict>
	</array>
	<key>subnodeColors</key>
	<array>
		<dict>
			<key>shapeStyle</key>
			<dict>
				<key>borderStrokeStyle</key>
				<dict>
					<key>color</key>
					<string>{0.267000, 0.600000, 0.488000, 1.000000}</string>
				</dict>
				<key>fillColor</key>
				<string>{1.000000, 1.000000, 1.000000, 1.000000}</string>
			</dict>
			<key>strokeStyle</key>
			<dict>
				<key>color</key>
				<string>{0.267000, 0.600000, 0.488000, 1.000000}</string>
			</dict>
			<key>titleStyle</key>
			<dict>
				<key>color</key>
				<string>{0.278000, 0.267000, 0.239000, 1.000000}</string>
			</dict>
		</dict>
		<dict>
			<key>shapeStyle</key>
			<dict>
				<key>borderStrokeStyle</key>
				<dict>
					<key>color</key>
					<string>{0.763000, 0.261000, 0.113000, 1.000000}</string>
				</dict>
				<key>fillColor</key>
				<string>{1.000000, 1.000000, 1.000000, 1.000000}</string>
			</dict>
			<key>strokeStyle</key>
			<dict>
				<key>color</key>
				<string>{0.763000, 0.261000, 0.113000, 1.000000}</string>
			</dict>
			<key>titleStyle</key>
			<dict>
				<key>color</key>
				<string>{0.278000, 0.267000, 0.239000, 1.000000}</string>
			</dict>
		</dict>
		<dict>
			<key>shapeStyle</key>
			<dict>
				<key>borderStrokeStyle</key>
				<dict>
					<key>color</key>
					<string>{0.602000, 0.392000, 0.196000, 1.000000}</string>
				</dict>
				<key>fillColor</key>
				<string>{1.000000, 1.000000, 1.000000, 1.000000}</string>
			</dict>
			<key>strokeStyle</key>
			<dict>
				<key>color</key>
				<string>{0.602000, 0.392000, 0.196000, 1.000000}</string>
			</dict>
			<key>titleStyle</key>
			<dict>
				<key>color</key>
				<string>{0.278000, 0.267000, 0.239000, 1.000000}</string>
			</dict>
		</dict>
		<dict>
			<key>shapeStyle</key>
			<dict>
				<key>borderStrokeStyle</key>
				<dict>
					<key>color</key>
					<string>{0.761000, 0.347000, 0.582000, 1.000000}</string>
				</dict>
				<key>fillColor</key>
				<string>{1.000000, 1.000000, 1.000000, 1.000000}</string>
			</dict>
			<key>strokeStyle</key>
			<dict>
				<key>color</key>
				<string>{0.761000, 0.347000, 0.582000, 1.000000}</string>
			</dict>
			<key>titleStyle</key>
			<dict>
				<key>color</key>
				<string>{0.278000, 0.267000, 0.239000, 1.000000}</string>
			</dict>
		</dict>
		<dict>
			<key>shapeStyle</key>
			<dict>
				<key>borderStrokeStyle</key>
				<dict>
					<key>color</key>
					<string>{0.149000, 0.608000, 0.733000, 1.000000}</string>
				</dict>
				<key>fillColor</key>
				<string>{1.000000, 1.000000, 1.000000, 1.000000}</string>
			</dict>
			<key>strokeStyle</key>
			<dict>
				<key>color</key>
				<string>{0.149000, 0.608000, 0.733000, 1.000000}</string>
			</dict>
			<key>titleStyle</key>
			<dict>
				<key>color</key>
				<string>{0.278000, 0.267000, 0.239000, 1.000000}</string>
			</dict>
		</dict>
		<dict>
			<key>shapeStyle</key>
			<dict>
				<key>borderStrokeStyle</key>
				<dict>
					<key>color</key>
					<string>{0.638000, 0.710000, 0.238000, 1.000000}</string>
				</dict>
				<key>fillColor</key>
				<string>{1.000000, 1.000000, 1.000000, 1.000000}</string>
			</dict>
			<key>strokeStyle</key>
			<dict>
				<key>color</key>
				<string>{0.638000, 0.710000, 0.238000, 1.000000}</string>
			</dict>
			<key>titleStyle</key>
			<dict>
				<key>color</key>
				<string>{0.278000, 0.267000, 0.239000, 1.000000}</string>
			</dict>
		</dict>
	</array>
	<key>subnodeLevels</key>
	<array/>
</dict>
</plist>
